id,nom_produits,Quantité,Prix_unitaire,Prix_total,Date,Heure_minutes_secondes,Catégorie,Sous-catégorie
1,Croque poulet au fromage (8),2,8.61,17.22,08-06-2023,12 : 13 : 16,Alimentation,surgele
2,"Disque dur externe 2,5  Elements 2 To",2,3.18,6.36,08-06-2023,12 : 13 : 16,Divers,Divers
3,"Disque dur externe 2,5  Elements 2 To",1,3.18,3.18,08-06-2023,12 : 15 : 57,Divers,Divers
4,Surligneur boss original - bleu,1,8.97,8.97,08-06-2023,12 : 15 : 57,Divers,Divers
5,Surligneur boss original - jaune,1,9.43,9.43,08-06-2023,12 : 15 : 57,Divers,Divers
6,Surligneur Boss Original Pastel pêche,1,4.62,4.62,08-06-2023,12 : 15 : 57,Divers,Divers
7,Assiettes en carton 18cm taupe x16,7,1.37,9.59,08-06-2023,12 : 15 : 57,Divers,Divers
8,Frites croustillante micro-onde Frit-up 90g,2,8.3,16.6,08-06-2023,12 : 15 : 57,Alimentation,surgele
9,Tomates cerises allongées 250g,1,12.03,12.03,08-06-2023,12 : 15 : 57,Alimentation,fruits_legumes
10,Unlocking Android,1,48.4,48.4,08-06-2023,12 : 15 : 57,Divers,Livres
11,Poulet blanc d Auvergne Label Rouge FILIERE QUALITE,2,12.75,25.5,08-06-2023,12 : 15 : 57,Alimentation,viandes
12,Filet de julienne 300g,2,4.67,9.34,08-06-2023,12 : 15 : 57,Alimentation,poisson
13,Steaks hachés pur bœuf 15% MG (2),2,14.54,29.08,09-06-2023,10 : 38 : 04,Alimentation,viandes
14,Croque poulet au fromage (8),2,8.61,17.22,09-06-2023,10 : 38 : 04,Alimentation,surgele
15,Potatoes aux herbes 780g,2,2.58,5.16,09-06-2023,10 : 38 : 04,Alimentation,surgele
16,3D User Interfaces with Java 3D,1,34.55,34.55,09-06-2023,10 : 38 : 34,Divers,Livres
17,Hibernate in Action,1,47.34,47.34,09-06-2023,10 : 38 : 46,Divers,Livres
18,Cereales bio boules au miel 375g,4,2.16,8.64,09-06-2023,10 : 39 : 14,Alimentation,céréale
19,Poulet blanc prêt à cuire ,1,18.81,18.81,09-06-2023,10 : 39 : 57,Alimentation,viandes
20,Viande bovine: Bavette d Aloyau BIO,1,28.07,28.07,09-06-2023,10 : 39 : 57,Alimentation,viandes
21,Pommes de terre persillées 600g,6,7.56,45.36,09-06-2023,10 : 40 : 15,Alimentation,surgele
